| **Inicio**            | **atr谩s 2**                | **Siguiente 4**            |
| --------------------- | -------------------------- | -------------------------- |
| [](../../README.md) | [](./2_Consultas_SQL.md) | [](./4_Consultas_SQL.md) |

---

## **ndice**

| Temario                                                    |
| ---------------------------------------------------------- |
| [21. SQL LEFT JOIN](#21-sql-left-join)                     |
| [22. SQL SELF JOIN](#22-sql-self-join)                     |
| [23. SQL FULL OUTER JOIN](#23-sql-full-outer-join)         |
| [24. SQL CROSS JOIN](#24-sql-cross-join)                   |
| [25. SQL GROUP BY](#25-sql-group-by)                       |
| [26. SQL HAVING](#26-sql-having)                           |
| [27. SQL ROLLUP](#27-sql-rollup)                           |
| [28. SQL CUBE](#28-sql-cube)                               |
| [29. SQL Subquery](#29-sql-subquery)                       |
| [30. SQL Correlated Subquery](#30-sql-correlated-subquery) |

---

# **Tutorial de SQL**

## **21. SQL LEFT JOIN**

**Resumen :** Le presentaremos otro tipo de combinaciones llamadas SQL `LEFT JOIN` que le permite recuperar datos de varias tablas.

**Introducci贸n a la cl谩usula LEFT JOIN de SQL**

En el tutorial anterior, aprendi贸 acerca de la uni贸n interna que devuelve filas si hay, al menos, una fila en ambas tablas que coincide con la condici贸n de uni贸n. La cl谩usula de uni贸n interna elimina las filas que no coinciden con una fila de la otra tabla.

La combinaci贸n izquierda, sin embargo, devuelve todas las filas de la tabla de la izquierda, haya o no una fila coincidente en la tabla de la derecha.

Supongamos que tenemos dos tablas `A` y `B`. La tabla `A` tiene cuatro filas 1, 2, 3 y 4. La tabla `B` tambi茅n tiene cuatro filas 3, 4, 5, 6.

Cuando unimos la tabla `A` con la tabla `B`, todas las filas de la tabla `A` (la tabla de la izquierda) se incluyen en el conjunto de resultados, haya o no una fila coincidente en la tabla `B`.

![LEFT JOIN](../../img/4.3_SQL-LEFT-JOIN.png "LEFT JOIN")

En SQL, utilizamos la siguiente sintaxis para unir la tabla `A` con la tabla `B`.

```
SELECT
	A.n
FROM
	A
LEFT JOIN B ON B.n = A.n;
```

La cl谩usula `LEFT JOIN` aparece despu茅s de la cl谩usula `FROM`. La condici贸n que sigue a la palabra clave `ON` se llama condici贸n de uni贸n `B.n = A.n`

**Ejemplos de uni贸n izquierda de SQL**

**SQL LEFT JOIN dos ejemplos de tablas**

Echemos un vistazo a las tablas `countries` y `locations`.

![LEFT JOIN](../../img/4.3_countries_locations_tables.png "LEFT JOIN")

Cada ubicaci贸n pertenece a un solo pa铆s, mientras que cada pa铆s puede tener cero o m谩s ubicaciones. La relaci贸n entre las tablas de pa铆ses y ubicaciones es de uno a muchos.

La columna `country_id` en la tabla de ubicaciones es la clave externa que se vincula a la columna `country_id` en la tabla de pa铆ses.

Para consultar los nombres de pa铆ses de EE. UU., Reino Unido y China, utilice la siguiente declaraci贸n.

```
SELECT
	country_id,
	country_name
FROM
	countries
WHERE
	country_id IN ('US', 'UK', 'CN');
```

La siguiente consulta recupera las ubicaciones ubicadas en EE. UU., Reino Unido y China:

```
SELECT
	country_id,
	street_address,
	city
FROM
	locations
WHERE
	country_id IN ('US', 'UK', 'CN');
```

Ahora, usamos la cl谩usula `LEFT JOIN` para unir la tabla de pa铆ses con la tabla de ubicaciones como la siguiente consulta:

```
SELECT
	c.country_name,
	c.country_id,
	l.country_id,
	l.street_address,
	l.city
FROM
	countries c
LEFT JOIN locations l ON l.country_id = c.country_id
WHERE
	c.country_id IN ('US', 'UK', 'CN')
```

La condici贸n de la cl谩usula `WHERE` se aplica para que la declaraci贸n solo recupere los datos de las filas de EE. UU., Reino Unido y China.

Como utilizamos la cl谩usula `LEFT JOIN`, todas las filas que cumplen la condici贸n de la cl谩usula `WHERE` de la tabla de pa铆ses se incluyen en el conjunto de resultados.

Para cada fila de la tabla de pa铆ses, la cl谩usula `LEFT JOIN` busca las filas coincidentes en la tabla de ubicaciones.

Si se encuentra al menos una fila coincidente, el motor de base de datos combina los datos de las columnas de las filas coincidentes en ambas tablas.

En caso de que no se encuentre una fila coincidente, por ejemplo, con `country_id` `CN`, la fila de la tabla de pa铆ses se incluye en el conjunto de resultados y la fila de la tabla de ubicaciones se completa con valores `NULL`.

Debido a que las filas que no coinciden en la tabla derecha se completan con valores `NULL`, puede aplicar la cl谩usula `LEFT JOIN` para que las filas que no coincidan entre tablas.

Por ejemplo, para buscar el pa铆s que no tiene ninguna ubicaci贸n en la tabla de ubicaciones, utilice la siguiente consulta:

**Ejemplo de SQL LEFT JOIN 3 tablas**

Consulte las siguientes tablas: regiones, pa铆ses y ubicaciones.

![LEFT JOIN](../../img/4.3_location_tables.png "LEFT JOIN")

Una regi贸n puede tener cero o muchos pa铆ses, mientras que cada pa铆s est谩 ubicado en una regi贸n. La relaci贸n entre las tablas de pa铆ses y regiones es de uno a muchos. La columna region_id en la tabla de pa铆ses es el v铆nculo entre la tabla de pa铆ses y regiones.

La siguiente declaraci贸n demuestra c贸mo unir 3 tablas: regiones, pa铆ses y ubicaciones:

```
SELECT
	r.region_name,
	c.country_name,
	l.street_address,
	l.city
FROM
	regions r
LEFT JOIN countries c ON c.region_id = r.region_id
LEFT JOIN locations l ON l.country_id = c.country_id
WHERE
	c.country_id IN ('US', 'UK', 'CN');
```

[](#铆ndice)

---

## **22. SQL SELF JOIN**

**Resumen :** Le muestra c贸mo unir una tabla a s铆 misma mediante la t茅cnica de autouni贸n de SQL.

**Introducci贸n a la SELF JOIN de SQL**

A veces resulta 煤til unir una mesa a s铆 misma. Este tipo de uni贸n se conoce como autouni贸n.

Unimos una tabla a s铆 misma para evaluar las filas con otras filas de la misma tabla. Para realizar la autouni贸n, utilizamos una cl谩usula de `SELF JOIN` o de `left join`.

Debido a que la misma tabla aparece dos veces en una sola consulta, tenemos que usar alias de tabla. La siguiente declaraci贸n ilustra c贸mo unir una tabla consigo misma.

```
SELECT
	column1,
	column2,
	column3,
        ...
FROM
	table1 A
INNER JOIN table1 B ON B.column1 = A.column2;
```

En esta declaraci贸n une la `tabla1` consigo misma mediante una cl谩usula `INNER JOIN`. `A` y `B` son los alias de tabla de `table1`. La `B.column1 = A.column2` es la condici贸n de uni贸n.

Adem谩s de la cl谩usula `INNER JOIN`, puede utilizar la cl谩usula `LEFT JOIN`.

Tomemos algunos ejemplos del uso de la t茅cnica de autouni贸n.

**Ejemplos de self join de SQL**

Consulte la siguiente `employees` `tabla`.

![tabla employees](../../img/4.3_employees_table.png "tabla employees")

La columna `manager_id` especifica el gerente de un empleado. La siguiente declaraci贸n une la tabla de empleados consigo misma para consultar la informaci贸n de qui茅n reporta a qui茅n.

```
SELECT
    e.first_name + ' ' + e.last_name AS employee,
    m.first_name + ' ' + m.last_name AS manager
FROM
    employees e
        INNER JOIN
    employees m ON m.employee_id = e.manager_id
ORDER BY
    manager;
```

El presidente no tiene ning煤n manager. En la tabla de empleados, el `manager_id` de la fila que contiene al presidente es `NULL`.

Debido a que la cl谩usula de uni贸n interna solo incluye las filas que tienen filas coincidentes en la otra tabla, el presidente no apareci贸 en el conjunto de resultados de la consulta anterior.

Para incluir al presidente en el conjunto de resultados, utilizamos la cl谩usula `LEFT JOIN` en lugar de la cl谩usula `INNER JOIN` como en la siguiente consulta.

```
SELECT
    e.first_name + ' ' + e.last_name AS employee,
    m.first_name + ' ' + m.last_name AS manager
FROM
    employees e
    LEFT JOIN
    employees m ON m.employee_id = e.manager_id
ORDER BY
    manager;
```

[](#铆ndice)

---

## **23. SQL FULL OUTER JOIN**

**Resumen :** Aprender谩 a utilizar la cl谩usula SQL `FULL OUTER JOIN` para consultar datos de varias tablas.

**Introducci贸n a la cl谩usula SQL FULL OUTER JOIN**

En teor铆a, una uni贸n externa completa es la combinaci贸n de una uni贸n izquierda y una uni贸n derecha. La combinaci贸n externa completa incluye todas las filas de las tablas unidas, independientemente de que la otra tabla tenga la fila coincidente o no.

Si las filas de las tablas unidas no coinciden, el conjunto de resultados de la combinaci贸n externa completa contiene valores `NULL` para cada columna de la tabla que carece de una fila coincidente. Para las filas coincidentes, se incluye en el conjunto de resultados una 煤nica fila que tiene las columnas completadas desde la tabla unida.

La siguiente declaraci贸n ilustra la sintaxis de la uni贸n externa completa de dos tablas:

```
SELECT column_list
FROM A
FULL OUTER JOIN B ON B.n = A.n;
```

Tenga en cuenta que la palabra `OUTER` clave es opcional.

El siguiente diagrama de Venn ilustra la uni贸n exterior completa de dos tablas.

![SQL FULL OUTER JOIN](../../img/4.3_SQL-FULL-OUTER-JOIN.png "SQL FULL OUTER JOIN")

**Ejemplos de FULL OUTER JOIN de SQL**

Tomemos un ejemplo del uso de la cl谩usula `FULL OUTER JOIN` para ver c贸mo funciona.

Primero, cree dos tablas nuevas : `baskets` y `fruits` para la demostraci贸n. Cada canasta almacena cero o m谩s frutas y cada fruta se puede almacenar en cero o en una canasta.

```
CREATE TABLE fruits (
	fruit_id INTEGER PRIMARY KEY,
	fruit_name VARCHAR (255) NOT NULL,
	basket_id INTEGER
);
```

```
CREATE TABLE baskets (
	basket_id INTEGER PRIMARY KEY,
	basket_name VARCHAR (255) NOT NULL
);
```

En segundo lugar, inserte algunos datos de muestra en las tablas `baskets` y `fruits`.

```
INSERT INTO baskets (basket_id, basket_name)
VALUES
	(1, 'A'),
	(2, 'B'),
	(3, 'C');
```

```
INSERT INTO fruits (
	fruit_id,
	fruit_name,
	basket_id
)
VALUES
	(1, 'Apple', 1),
	(2, 'Orange', 1),
	(3, 'Banana', 2),
	(4, 'Strawberry', NULL);
```

En tercer lugar, la siguiente consulta devuelve cada fruta que est谩 en una cesta y cada cesta que tiene una fruta, pero tambi茅n devuelve cada fruta que no est谩 en ninguna cesta y cada cesta que no tiene ninguna fruta.

```
SELECT
	basket_name,
	fruit_name
FROM
	fruits
FULL OUTER JOIN baskets ON baskets.basket_id = fruits.basket_id;
```

| **basket_name** | **fruit_name** |
| --------------- | -------------- |
| A               | Apple          |
| A               | Orange         |
| B               | Banana         |
| (null)          | Strawberry     |
| C               | (null)         |

Como ves, la canasta `Cno` tiene ninguna fruta y `Strawberry` no est谩 en ninguna canasta.

Puede agregar una cl谩usula `WHERE` a la declaraci贸n que utiliza la cl谩usula `FULL OUTER JOIN` para obtener informaci贸n m谩s espec铆fica.

Por ejemplo, para encontrar la cesta vac铆a, en la que no hay fruta, se utiliza la siguiente afirmaci贸n:

```
SELECT
    basket_name,
    fruit_name
FROM
    fruits
    FULL OUTER JOIN baskets ON baskets.basket_id = fruits.basket_id
WHERE
    fruit_name IS NULL;
```

| **basket_name** | **fruit_name** |
| --------------- | -------------- |
| C               | (null)         |

(1 row)

De manera similar, si quieres ver qu茅 fruta no est谩 en ninguna canasta, utiliza la siguiente declaraci贸n:

```
SELECT
	basket_name,
	fruit_name
FROM
	fruits
FULL OUTER JOIN baskets ON baskets.basket_id = fruits.basket_id
WHERE
	basket_name IS NULL;
```

| **basket_name** | **fruit_name** |
| --------------- | -------------- |
| (null)          | Strawberry     |

(1 row)

[](#铆ndice)

---

## **24. SQL CROSS JOIN**

**Resumen :** Le muestra c贸mo utilizar SQL `CROSS JOIN` para crear un producto cartesiano de las tablas unidas.

**Introducci贸n a la cl谩usula SQL CROSS JOIN**

Una uni贸n cruzada es una operaci贸n de uni贸n que produce el producto cartesiano de dos o m谩s tablas.

En matem谩ticas, un producto cartesiano es una operaci贸n matem谩tica que devuelve un conjunto de productos de m煤ltiples conjuntos.

Por ejemplo, con dos conjuntos `A` {x,y,z} y `B` {1,2,3}, el producto cartesiano de `A x B` es el conjunto de todos los pares ordenados (x,1), (x,2), (x,3), (y,1) (y,2), (y,3), (z,1), (z,2), (z,3).

La siguiente imagen ilustra el producto cartesiano de `A` y `B`:

![SQL CROSS JOIN](../../img/4.3_SQL-CROSS-JOIN-Cartesian_Product.png "SQL CROSS JOIN")

De manera similar, en SQL, un producto cartesiano de dos tablas `A` y `B` es un conjunto de resultados en el que cada fila de la primera tabla `(A)` est谩 emparejada con cada fila de la segunda tabla `(B)`. Supongamos que la tabla `A` tiene `n` filas y la tabla `B` tiene `m` filas, el resultado de la uni贸n cruzada de las tablas `A` y `B` tiene `n x m` filas.

A continuaci贸n se ilustra la sintaxis de la cl谩usula `CROSS JOIN`:

```
SELECT column_list
FROM A
CROSS JOIN B;
```

La siguiente imagen ilustra el resultado de la uni贸n cruzada entre la tabla `A` y la tabla `B`. En esta ilustraci贸n, la tabla `A` tiene tres filas 1, 2 y 3 y la tabla `B` tambi茅n tiene tres filas `x`, `y` y `z`. Como resultado, el producto cartesiano tiene nueve filas:

![SQL CROSS JOIN](../../img/4.3_SQL-CROSS-JOIN.png "SQL CROSS JOIN")

Tenga en cuenta que, a diferencia de `INNER JOIN`, `LEFT JOIN` y `FULL OUTER JOIN`, la cl谩usula `CROSS JOIN` no tiene una condici贸n de uni贸n.

La siguiente declaraci贸n es equivalente a la que utiliza la cl谩usula `CROSS JOIN` anterior:

```
SELECT
    column_list
FROM
    A,
    B;
```

**Ejemplo de CROSS JOIN de SQL**

Crearemos dos nuevas tablas para la demostraci贸n de la uni贸n cruz ada:

- `sales_organization` La tabla almacena las organizaciones de venta.

- `sales_channel` La tabla almacena los canales de venta.

Las siguientes declaraciones crean las tablas `sales_organization` y `sales_channel`:

```
CREATE TABLE sales_organization (
	sales_org_id INT PRIMARY KEY,
	sales_org VARCHAR (255)
);
```

```
CREATE TABLE sales_channel (
	channel_id INT PRIMARY KEY,
	channel VARCHAR (255)
);
```

Supongamos que la empresa tiene dos organizaciones de ventas que son `Domesticy Export`, que est谩n a cargo de las ventas en el mercado nacional e internacional.

La siguiente declaraci贸n inserta dos organizaciones de ventas en la TABLA `sales_organization`:

```
INSERT INTO sales_organization (sales_org_id, sales_org)
VALUES
	(1, 'Domestic'),
	(2, 'Export');
```

La empresa puede distribuir productos a trav茅s de varios canales, como mayorista, minorista, comercio electr贸nico y compras por televisi贸n. La siguiente declaraci贸n inserta canales de ventas en la tabla `sales_channel`:

```
INSERT INTO sales_channel (channel_id, channel)
VALUES
	(1, 'Wholesale'),
	(2, 'Retail'),
	(3, 'eCommerce'),
	(4, 'TV Shopping');
```

Para encontrar todos los canales de venta posibles que puede tener una organizaci贸n de ventas, utilice `CROSS JOIN` para unir la tabla `sales_organization` con la tabla `sales_channel` de la siguiente manera:

```
SELECT
	sales_org,
	channel
FROM
	sales_organization
CROSS JOIN sales_channel;
```

El conjunto de resultados incluye todas las filas posibles en las tablas `sales_organization` y `sales_channel`.

La siguiente consulta es equivalente a la declaraci贸n que utiliza la cl谩usula `CROSS JOIN` anterior:

```
SELECT
	sales_org,
	channel
FROM
	sales_organization,
	sales_channel;
```

En algunos sistemas de bases de datos como `PostgreSQL` y `Oracle`, puede utilizar la cl谩usula `INNER JOIN` con la condici贸n que siempre se eval煤a como verdadera para realizar una uni贸n cruzada como por ejemplo:

```
SELECT
	sales_org,
	channel
FROM
	sales_organization
INNER JOIN sales_channel ON 1 = 1;
```

[](#铆ndice)

---

## **25. SQL GROUP BY**

**Resumen :** Aprender谩 a utilizar la cl谩usula `GROUP BY` para agrupar filas en funci贸n de una o m谩s columnas.

**Introducci贸n a la cl谩usula SQL GROUP BY**

Es una cl谩usula opcional `GROUP BY` de la declaraci贸n `SELECT`. La cl谩usula `GROUP BY` le permite agrupar filas seg煤n los valores de una o m谩s columnas. Devuelve una fila para cada grupo.

A continuaci贸n se muestra la sintaxis b谩sica de la cl谩usula `GROUP BY`:

```
SELECT
	column1,
	column2,
	aggregate_function(column3)
FROM
	table_name
GROUP BY
	column1,
	column2;
```

La tabla del lado izquierdo tiene dos columnas `id` y `fruit`. Cuando aplica la cl谩usula `GROUP BY` a la columna `fruit`, devuelve el conjunto de resultados que incluye valores 煤nicos de la columna `fruit`:

```
SELECT
    fruit
FROM
    sample_table
GROUP BY
    fruit;
```

En la pr谩ctica, a menudo se utiliza la cl谩usula `GROUP BY` con una funci贸n agregada como `MIN` , `MAX` , `AVG` , `SUM` o `COUNT` para calcular una medida que proporciona la informaci贸n para cada grupo.

Por ejemplo, lo siguiente ilustra c贸mo funciona la cl谩usula `GROUP BY` con la funci贸n agregada `COUNT`:

En este ejemplo, agrupamos las filas por los valores de la columna `fruit` y aplicamos la funci贸n `COUNT` a la columna `id`. El conjunto de resultados incluye los valores 煤nicos de las columnas de frutas y el n煤mero de filas correspondientes.

```
SELECT
   fruit, COUNT(id)
FROM
   sample_table
GROUP BY
   fruit;
```

Las columnas que aparecen en la cl谩usula `GROUP BY` se denominan columnas de agrupaci贸n . Si una columna de agrupaci贸n contiene valores `NULL`, todos los valores `NULL` se resumen en un solo grupo porque la cl谩usula `GROUP BY` considera que todos los valores `NULL` son iguales.

**Ejemplos de GROUP BY SQL**

Usaremos las tablas `employees` y `departments` en la base de datos de muestra para demostrar c贸mo funciona la cl谩usula `GROUP BY`.

![TABLA](../../img/4.3_employees_departments_tables.png "TABLA")

El siguiente ejemplo utiliza la cl谩usula `GROUP BY` para agrupar los valores en la columna `department_id` de la tabla `employees`:

```
SELECT
    department_id
FROM
    employees
GROUP BY
    department_id;
```

| **department_id** |
| ----------------- |
| 1                 |
| 2                 |
| 3                 |
| 4                 |
| 5                 |
| 6                 |
| 7                 |
| 8                 |
| 9                 |
| 10                |
| 11                |

11 rows in set (0.00 sec)

En este ejemplo:

- Primero, la cl谩usula `SELECT` devuelve todos los valores de la columna `id_departamento` de la tabla `employees`.

- En segundo lugar, la cl谩usula `GROUP BY` agrupa todos los valores en grupos.

La columna `department_id` de la tabla `employees` tiene 40 filas, incluidos valores duplicados `department_id`. Sin embargo, agrupa `GROUP BY` estos valores en grupos.

Sin una funci贸n agregada, `GROUP BY` se comporta como la palabra clave `DISTINCT`:

```
SELECT
   DISTINCT department_id
FROM
   employees
ORDER BY
   department_id;
```

La cl谩usula `GROUP BY` ser谩 m谩s 煤til cuando la use con una funci贸n agregada.

Por ejemplo, la siguiente declaraci贸n utiliza la cl谩usula `GROUP BY` con la funci贸n de contar `COUNT` el n煤mero de empleados por departamento:

```
SELECT
	department_id,
	COUNT(employee_id) headcount
FROM
	employees
GROUP BY
	department_id;
```

| **department_id** | **headcount** |
| ----------------- | ------------- |
| 1                 | 1             |
| 2                 | 2             |
| 3                 | 6             |
| 4                 | 1             |
| 5                 | 7             |
| 6                 | 5             |
| 7                 | 1             |
| 8                 | 6             |
| 9                 | 3             |
| 10                | 6             |
| 11                | 2             |

11 rows in set (0.00 sec)

C贸mo funciona.

- Primero, la cl谩usula `GROUP BY` agrupa las filas de la tabla `employees` por identificaci贸n de departamento.

- En segundo lugar, `COUNT(employee_id)` devuelve la cantidad de valores de `id` entificaci贸n de empleado en cada grupo.

**SQL GROUP BY con ejemplo de INNER JOIN**

El siguiente ejemplo devuelve el n煤mero de empleados por departamento. Y utiliza una cl谩usula `INNER JOIN` para incluir el nombre del departamento en el resultado:

```
SELECT
	department_name,
	COUNT(employee_id) headcount
FROM
	employees e
INNER JOIN departments d ON d.department_id = e.department_id
GROUP BY
        department_name;
```

| **department_name** | **headcount** |
| ------------------- | ------------- |
| Accounting          | 2             |
| Administration      | 1             |
| Executive           | 3             |
| Finance             | 6             |
| Human Resources     | 1             |
| IT                  | 5             |
| Marketing           | 2             |
| Public Relations    | 1             |
| Purchasing          | 6             |
| Sales               | 6             |
| Shipping            | 7             |

11 rows in set (0.01 sec)

**SQL GROUP BY con ejemplo ORDER BY**

El siguiente ejemplo utiliza una cl谩usula `ORDER BY` para ordenar los departamentos por plantilla:

```
SELECT
    department_name,
    COUNT(employee_id) headcount
FROM
    employees e
        INNER JOIN
    departments d ON d.department_id = e.department_id
GROUP BY department_name
ORDER BY headcount DESC;
```

| **department_name** | **headcount** |
| ------------------- | ------------- |
| Shipping            | 7             |
| Sales               | 6             |
| Finance             | 6             |
| Purchasing          | 6             |
| IT                  | 5             |
| Executive           | 3             |
| Marketing           | 2             |
| Accounting          | 2             |
| Human Resources     | 1             |
| Administration      | 1             |
| Public Relations    | 1             |

11 rows in set (0.00 sec)

Tenga en cuenta que puede utilizar el `headcount` alias o el `COUNT(employee_id)` en la cl谩usula `ORDER BY`.

**SQL GROUP BY con ejemplo de HAVING**

El siguiente ejemplo utiliza la cl谩usula `HAVING` para buscar departamentos con un n煤mero mayor de 5:

```
SELECT
    department_name,
    COUNT(employee_id) AS headcount
FROM
    employees e
    INNER JOIN
    departments d ON d.department_id = e.department_id
GROUP BY
    department_name
HAVING
    COUNT(employee_id) > 5
ORDER BY
    headcount DESC;
```

| **department_name** | **headcount** |
| ------------------- | ------------- |
| Shipping            | 7             |
| Sales               | 6             |
| Finance             | 6             |
| Purchasing          | 6             |

4 rows in set (0.00 sec)

**SQL GROUP BY con ejemplo de MIN, MAX y AVG**

La siguiente consulta devuelve el salario m铆nimo , m谩ximo y promedio de los empleados de cada departamento.

```
SELECT
    department_name,
    MIN(salary) min_salary,
    MAX(salary) max_salary,
    ROUND(AVG(salary), 2) average_salary
FROM
    employees e
        INNER JOIN
    departments d ON d.department_id = e.department_id
GROUP BY
    department_name;
```

| **department_name** | **min_salary** | **max_salary** | **average_salary** |
| ------------------- | -------------- | -------------- | ------------------ |
| Accounting          | 8300.00        | 12000.00       | 10150.00           |
| Administration      | 4400.00        | 4400.00        | 4400.00            |
| Executive           | 17000.00       | 24000.00       | 19333.33           |
| Finance             | 6900.00        | 12000.00       | 8600.00            |
| Human Resources     | 6500.00        | 6500.00        | 6500.00            |
| IT                  | 4200.00        | 9000.00        | 5760.00            |
| Marketing           | 6000.00        | 13000.00       | 9500.00            |
| Public Relations    | 10000.00       | 10000.00       | 10000.00           |
| Purchasing          | 2500.00        | 11000.00       | 4150.00            |
| Sales               | 6200.00        | 14000.00       | 9616.67            |
| Shipping            | 2700.00        | 8200.00        | 5885.71            |

11 rows in set (0.01 sec)

**SQL GROUP BY con ejemplo de funci贸n SUM**

Para obtener el salario total por departamento, aplica la funci贸n `SUMA` a la columna `salary` y agrupa a los empleados por columna `department_id` de la siguiente manera:

```
SELECT
    department_name,
    SUM(salary) total_salary
FROM
    employees e
        INNER JOIN
    departments d ON d.department_id = e.department_id
GROUP BY
    department_name;
```

| **department_name** | **total_salary** |
| ------------------- | ---------------- |
| Accounting          | 20300.00         |
| Administration      | 4400.00          |
| Executive           | 58000.00         |
| Finance             | 51600.00         |
| Human Resources     | 6500.00          |
| IT                  | 28800.00         |
| Marketing           | 19000.00         |
| Public Relations    | 10000.00         |
| Purchasing          | 24900.00         |
| Sales               | 57700.00         |
| Shipping            | 41200.00         |

11 rows in set (0.01 sec)

**GROUP BY POR varias columnas**

Hasta ahora has visto que hemos agrupado a todos los empleados en una columna. Por ejemplo, la siguiente cl谩usula coloca todas las filas con los mismos valores en la columna `department_id` en un grupo.

`GROUP BY department_id`

驴Qu茅 tal agrupar a los empleados por valores en las columnas `department_id` y `job_id`?

`GROUP BY department_id, job_id`

Esta cl谩usula agrupar谩 a todos los empleados con los mismos valores en ambas columnas `department_id` y `job_id` en un grupo.

La siguiente declaraci贸n agrupa filas con los mismos valores en ambos `department_id` y `job_id` columnas en el mismo grupo y luego devuelve las filas para cada uno de estos grupos.

```
SELECT
    department_name,
    job_title,
    COUNT(employee_id)
FROM
    employees e
        INNER JOIN
    departments d ON d.department_id = e.department_id
        INNER JOIN
    jobs j ON j.job_id = e.job_id
GROUP BY department_name ,
         job_title;
```

| **department_name** | **job_title**                   | **COUNT(employee_id)** |
| ------------------- | ------------------------------- | ---------------------- |
| Accounting          | Accounting Manager              | 1                      |
| Accounting          | Public Accountant               | 1                      |
| Administration      | Administration Assistant        | 1                      |
| Executive           | Administration Vice President   | 2                      |
| Executive           | President                       | 1                      |
| Finance             | Accountant                      | 5                      |
| Finance             | Finance Manager                 | 1                      |
| Human Resources     | Human Resources Representative  | 1                      |
| IT                  | Programmer                      | 5                      |
| Marketing           | Marketing Manager               | 1                      |
| Marketing           | Marketing Representative        | 1                      |
| Public Relations    | Public Relations Representative | 1                      |
| Purchasing          | Purchasing Clerk                | 5                      |
| Purchasing          | Purchasing Manager              | 1                      |
| Sales               | Sales Manager                   | 2                      |
| Sales               | Sales Representative            | 4                      |
| Shipping            | Shipping Clerk                  | 2                      |
| Shipping            | Stock Clerk                     | 1                      |
| Shipping            | Stock Manager                   | 4                      |

19 rows in set (0.00 sec)

**Resumen**

- La cl谩usula `GROUP BY` agrupa las filas en grupos seg煤n los valores de una o m谩s columnas.

- Utilice una funci贸n agregada con la cl谩usula `GROUP BY` para calcular el valor resumido para cada grupo.

[](#铆ndice)

---

## **26. SQL GROUPING SETS**

**Resumen :** Aprender谩 a utilizar el `GROUPING SET` para generar m煤ltiples conjuntos de agrupaciones.

**Configurar una tabla de muestra**

Configuremos una nueva tabla llamada `inventory` para demostrar la funcionalidad de `GROUPING SETS`.

Primero, cree una nueva tabla llamada inventory :

```
CREATE TABLE inventory (
    warehouse VARCHAR(255),
    product VARCHAR(255) NOT NULL,
    model VARCHAR(50) NOT NULL,
    quantity INT,
    PRIMARY KEY (warehouse,product,model)
);
```

Segundo, inserte datos en la tabla `inventory`:

```
INSERT INTO inventory(warehouse, product, model, quantity)
VALUES('San Jose', 'iPhone','6s',100);
INSERT INTO inventory(warehouse, product, model, quantity)
VALUES('San Fransisco', 'iPhone','6s',50);
INSERT INTO inventory(warehouse, product, model, quantity)
VALUES('San Jose','iPhone','7',50);
INSERT INTO inventory(warehouse, product, model, quantity)
VALUES('San Fransisco', 'iPhone','7',10);
INSERT INTO inventory(warehouse, product, model, quantity)
VALUES('San Jose','iPhone','X',150);
INSERT INTO inventory(warehouse, product, model, quantity)
VALUES('San Fransisco', 'iPhone','X',200);
INSERT INTO inventory(warehouse, product, model, quantity)
VALUES('San Jose','Samsung','Galaxy S',200);
INSERT INTO inventory(warehouse, product, model, quantity)
VALUES('San Fransisco','Samsung','Galaxy S',200);
INSERT INTO inventory(warehouse, product, model, quantity)
VALUES('San Fransisco','Samsung','Note 8',100);
INSERT INTO inventory(warehouse, product, model, quantity)
VALUES('San Jose','Samsung','Note 8',150);
```

En tercer lugar, consulte los datos de la tabla `inventory`:

```
SELECT
    *
FROM
    inventory;
```

**Introducci贸n a SQL GROUPING SETS**

Un conjunto de agrupaci贸n es un conjunto de columnas por las que se agrupa mediante la cl谩usula `GROUP BY`. Normalmente, una 煤nica consulta agregada define un 煤nico conjunto de agrupaci贸n.

El siguiente ejemplo define un conjunto de agrupaci贸n (almac茅n, producto). Devuelve el n煤mero de unidades de mantenimiento de existencias (SKU) almacenadas en el inventario por almac茅n y producto.

```
SELECT
    warehouse,
    product,
    SUM (quantity) qty
FROM
    inventory
GROUP BY
    warehouse,
    product;
```

La siguiente consulta encuentra la cantidad de SKU por almac茅n. Define el conjunto de agrupaci贸n (almac茅n):

```
SELECT
    warehouse,
    SUM (quantity) qty
FROM
    inventory
GROUP BY
    warehouse;
```

La siguiente consulta devuelve el n煤mero de SKU por producto. Define el conjunto de agrupaci贸n (producto):

```
SELECT
    product,
    SUM (quantity) qty
FROM
    inventory
GROUP BY
    product;
```

La siguiente consulta encuentra la cantidad de SKU para todos los almacenes y productos. Define un conjunto de agrupaci贸n vac铆o ().

```
SELECT
    SUM(quantity) qty
FROM
    inventory;
```

Hasta ahora, tenemos cuatro conjuntos de agrupaciones: (almac茅n, producto), (almac茅n), (producto) y (). Para devolver todos los conjuntos de agrupaciones mediante una 煤nica consulta, puede utilizar el operador `UNION ALL` para combinar todas las consultas anteriores.

Requiere `UNION ALL` que todos los conjuntos de resultados tengan la misma cantidad de columnas, por lo tanto, debe agregar `NULL` a la lista de selecci贸n de cada consulta como se muestra a continuaci贸n:

```
SELECT
    warehouse,
    product,
    SUM (quantity) qty
FROM
    inventory
GROUP BY
    warehouse,
    product
UNION ALL
SELECT
    warehouse,
    null,
    SUM (quantity) qty
FROM
    inventory
GROUP BY
    warehouse
UNION ALL
SELECT
    null,
    product,
    SUM (quantity) qty
FROM
    inventory
GROUP BY
    product
UNION ALL
SELECT
    null,
    null,
    SUM(quantity) qty
FROM
    inventory;
```

Como puede ver claramente en el resultado, la consulta gener贸 un 煤nico conjunto de resultados con los agregados de todos los conjuntos de agrupaci贸n.

Aunque la consulta funciona como se esperaba, tiene dos problemas principales:

- En primer lugar, la consulta es dif铆cil de leer porque es larga.

- En segundo lugar, tiene un problema de rendimiento porque el sistema de base de datos tiene que escanear la tabla de inventario varias veces.
  Para resolver estos problemas, SQL nos proporciona el archivo `GROUPING SETS`.

La `GROUPING SETS` es una opci贸n de la cl谩usula `GROUP BY`. Define `GROUPING SETS` varios conjuntos de agrupaciones dentro de la misma consulta.

A continuaci贸n se ilustra la sintaxis general de la opci贸n `GROUPING SETS`:

```
SELECT
    c1,
    c2,
    aggregate (c3)
FROM
    table
GROUP BY
    GROUPING SETS (
        (c1, c2),
        (c1),
        (c2),
        ()
);
```

Esta consulta define cuatro conjuntos de agrupaciones `(c1,c2)`, `(c1)`, `(c2)` y `()`.

Puede aplicar `GROUPING SETS` para reescribir la consulta con las cl谩usulas anteriores `UNION ALL`:

```
SELECT
    warehouse,
    product,
    SUM (quantity) qty
FROM
    inventory
GROUP BY
    GROUPING SETS(
        (warehouse,product),
        (warehouse),
        (product),
        ()
    );
```

Esta consulta es m谩s legible y se realiza m谩s r谩pido que la consulta anterior porque el sistema de base de datos no tiene que leer la tabla `inventory` varias veces.

Ahora, deber铆as saber c贸mo usar `GROUPING SETS` para generar m煤ltiples conjuntos de agrupaciones usando una sola consulta.

[](#铆ndice)

---

## **27. SQL ROLLUP**

**Resumen :** Aprender谩 a utilizar `ROLLUP` para generar m煤ltiples conjuntos de agrupaciones.

**Introducci贸n al resumen de SQL**

Es `ROLLUP` una extensi贸n de la cl谩usula `GROUP BY`. La `ROLLUP` opci贸n le permite incluir filas adicionales que representan los subtotales, que com煤nmente se denominan filas super agregadas, junto con la fila del total general. Al utilizar la opci贸n `ROLLUP`, puede utilizar una 煤nica consulta para generar varios conjuntos de agrupaciones .

Tenga en cuenta que un conjunto de agrupaci贸n es un conjunto de columnas por las que se agrupa. Por ejemplo, una consulta que devuelve el inventario por almac茅n, el conjunto de agrupaci贸n es (almac茅n).

```
SELECT
    warehouse,
    SUM (quantity) qty
FROM
    inventory
GROUP BY
    warehouse;
```

A continuaci贸n se ilustra la sintaxis b谩sica de SQL `ROLLUP`:

```
SELECT
    c1, c2, aggregate_function(c3)
FROM
    table
GROUP BY ROLLUP (c1, c2);
```

Se `ROLLUP` supone una jerarqu铆a entre las columnas de entrada. Por ejemplo, si la columna de entrada es `(c1,c2)`, la jerarqu铆a `c1 > c2`. Genera `ROLLUP` todos los conjuntos de agrupaciones que tienen sentido considerando esta jerarqu铆a. Es por eso que a menudo utilizamos `ROLLUP` para generar los subtotales y el total general con fines de generaci贸n de informes.

En la sintaxis anterior, `ROLLUP(c1,c2)` genera tres conjuntos de agrupaciones siguientes:

```
(c1,c2)
(c1)
()
```

Esta sintaxis es compatible con Oracle, Microsoft SQL Server y PostgreSQL. Sin embargo, MySQL tiene una sintaxis ligeramente diferente, como se muestra a continuaci贸n:

```
SELECT
    c1, c2, aggregate_function(c3)
FROM
    table_name
GROUP BY c1, c2 WITH ROLLUP;
```

**Ejemplos de SQL ROLLUP**

Usaremos la tabla `inventory` que configuramos en el tutorial `GROUPING SETS` para la demostraci贸n.

**Ejemplo de SQL ROLLUP con una columna**

La siguiente declaraci贸n utiliza lacl谩usula `GROUP BY` y la funci贸n `SUM()` para encontrar el inventario total por almac茅n:

```
SELECT
    warehouse, SUM(quantity)
FROM
    inventory
GROUP BY warehouse;
```

Para recuperar el total de productos en todos los almacenes, agregue `ROLLUP` a la cl谩usula `GROUP BY` de la siguiente manera:

```
SELECT
    warehouse, SUM(quantity)
FROM
    inventory
GROUP BY ROLLUP (warehouse);
```

Como puede ver en el resultado, el valor `NULL` en la columna `warehouse` especifica la l铆nea superagregada del total general. En este ejemplo, la opci贸n `ROLLUP` hace que la consulta genere otra fila que muestra el total de productos en todos los almacenes.

Para que la salida sea m谩s legible, puede usar la funci贸n `COALESCE()` para sustituir el valor `NULL` por lo `All warehouses` siguiente:

```
SELECT
    COALESCE(warehouse, 'All warehouses') AS warehouse,
    SUM(quantity)
FROM
    inventory
GROUP BY ROLLUP (warehouse);
```

**Ejemplo de SQL ROLLUP con varias columnas**

El siguiente estado de cuenta calcula el inventario por almac茅n y producto:

```
SELECT
    warehouse, product, SUM(quantity)
FROM
    inventory
GROUP BY warehouse, product;
```

Agreguemos el `ROLLUP` a la cl谩usula `GROUP BY`:

```
SELECT
    warehouse, product, SUM(quantity)
FROM
    inventory
GROUP BY ROLLUP (warehouse , product);
```

Tenga en cuenta que el resultado consta de informaci贸n resumida en dos niveles de an谩lisis, no solo en uno:

- Despu茅s de cada conjunto de filas de productos para un almac茅n espec铆fico, aparece una fila de resumen adicional que muestra el inventario total. En estas filas, los valores de la columna `product` se establecen en `NULL`.

- Despu茅s de todas las filas, aparece una fila de resumen adicional que muestra el inventario total de todos los almacenes y productos. En estas filas, los valores de las columnas `warehouse` y `product` se establecen en `NULL`.

**SQL ROLLUP con ejemplo de resumen parcial**

Puede utilizar `ROLLUP` para realizar un resumen parcial que reduzca el n煤mero de subtotales calculados como se muestra en el siguiente ejemplo:

```
SELECT
    warehouse, product, SUM(quantity)
FROM
    inventory
GROUP BY warehouse, ROLLUP (product);
```

En este ejemplo, `ROLLUP only` hace un resumen superagregado para la productcolumna, no para la columna `warehouse`.

[](#铆ndice)

---

## **28. SQL CUBE**

**Resumen :** Aprender谩 a utilizar `SQL CUBE` para generar subtotales para el resultado de una consulta.

**Introducci贸n al CUBO SQL**

Similar a `ROLLUP`, `CUBE` es una extensi贸n de la cl谩usula `GROUP BY`. `CUBE` le permite generar subtotales como la extensi贸n `ROLLUP`. Adem谩s, la extensi贸n `CUBE` generar谩 subtotales para todas las combinaciones de columnas de agrupaci贸n especificadas en la cl谩usula `GROUP BY`.

A continuaci贸n se ilustra la sintaxis de la extensi贸n `CUBE`:

```
SELECT
    c1, c2, AGGREGATE_FUNCTION(c3)
FROM
    table_name
GROUP BY CUBE(c1 , c2);
```

En esta sintaxis, tenemos dos columnas especificadas en el archivo `CUBE`. El estado de cuenta crea dos combinaciones de subtotales. Generalmente, si tiene `n` n煤meros de columnas enumeradas en el estado `CUBE`, la declaraci贸n crear谩 $2^n$ combinaciones de subtotales.

**Ejemplos de CUBO SQL**

Reutilizaremos la tabla `inventory` creada en el tutorial `ROLLUP`.

**CUBO SQL con ejemplo de una columna**

La siguiente declaraci贸n utiliza la funci贸n `SUM()` y la cl谩usula `GROUP BY` para encontrar el inventario total de cada almac茅n:

```
SELECT
   warehouse,
   SUM(quantity)
FROM
   inventory
GROUP BY
   warehouse;
```

Si desea conocer el inventario total en todos los almacenes, utilice la extensi贸n `CUBE` en la cl谩usula `GROUP BY` de la siguiente manera:

```
SELECT
   warehouse,
   SUM(quantity)
FROM
   inventory
GROUP BY
   CUBE(warehouse)
ORDER BY
   warehouse;
```

En este ejemplo, la extensi贸n `CUBE` agrega una fila de inventario total con un valor nulo en la columna de almac茅n. El efecto es el mismo que la funci贸n `ROLLUP`. Para que el resultado sea m谩s legible, puede utilizar la funci贸n `COALESCE()` como se muestra a continuaci贸n:

```
SELECT
   COALESCE(warehouse,'All warehouses'),
   SUM(quantity)
FROM
   inventory
GROUP BY
   CUBE(warehouse)
ORDER BY
   warehouse;
```

**Ejemplo de CUBO SQL con varias columnas**

El siguiente enunciado encuentra el inventario total por almac茅n y producto:

```
SELECT
   warehouse,
   product,
   SUM(quantity)
FROM
   inventory
GROUP BY
   warehouse,product
ORDER BY
   warehouse,
   product;
```

Cuando utiliza la funci贸n `CUBE`, la consulta genera cuatro subtotales:

```
SELECT
   warehouse,
   product,
   SUM(quantity)
FROM
   inventory
GROUP BY
   CUBE(warehouse,product)
ORDER BY
   warehouse,
   product;
```

Como puede ver en el resultado, tenemos cuatro filas de subtotales:

- Las filas tercera y sexta muestran el inventario total de todos los productos en los almacenes `San Francisco` y `San Jose`. Los valores de la productcolumna son nulos.

- Las filas s茅ptima y octava muestran el inventario total por productos que se encuentran en `Samsung` y `iPhone` todos los almacenes. Por tanto, los valores de las columnas `warehouse` son nulos.

La 煤ltima columna es el total general que muestra el inventario total en todos los almacenes.

La siguiente declaraci贸n utiliza la funci贸n `COALESCE()` para sustituir valores nulos por datos m谩s significativos:

```
SELECT
   COALESCE(warehouse, '...All Warehouses') warehouse,
  COALESCE(product, '...All Products') product,
   SUM(quantity)
FROM
   inventory
GROUP BY
   CUBE(warehouse,product)
ORDER BY
   warehouse,
   product;
```

**Crear informes tabulares cruzados**

La siguiente consulta crea un informe cruzado recuperando datos de la tabla `employees` en la base de datos de ejemplo usando la extensi贸n `CUBE`:

```
SELECT
   COALESCE(d.department_name, '-') AS department,
   COALESCE(j.job_title, '-') AS job,
   COUNT(*) AS total,
   SUM(e.salary) AS salary
FROM
   employees e
INNER JOIN departments d ON e.department_id = d.department_id
INNER JOIN jobs j ON e.job_id = j.job_id
GROUP BY CUBE(d.department_name, j.job_title)
ORDER BY
   CASE WHEN d.department_name IS NULL THEN 1 ELSE 0 END,
   d.department_name ASC;

```

En este tutorial, aprendi贸 c贸mo usar las extensiones SQL `CUBE` para generar el subtotal en el resultado de una consulta.

[](#铆ndice)

---

## **29. SQL Subquery**

**Resumen :** Aprender谩 sobre la subconsulta SQL y c贸mo usar las subconsultas para formar declaraciones SQL flexibles.

**Subconsulta SQL b谩sica**

Considere lo siguiente `employees` y `departments` las tablas de la base de datos de ejemplo :

![employees y departments](../../img/4.3_employees_departments_tables.png "employees y departments")

Supongamos que tiene que buscar todos los empleados que se ubican en la ubicaci贸n con el ID 1700. Se le podr铆a ocurrir la siguiente soluci贸n.

Primero, busque todos los departamentos ubicados en la ubicaci贸n cuyo ID es 1700:

```
SELECT
    *
FROM
    departments
WHERE
    location_id = 1700;
```

En segundo lugar, busque todos los empleados que pertenecen a la ubicaci贸n 1700 utilizando la lista de ID de departamento de la consulta anterior:

```
SELECT
    employee_id, first_name, last_name
FROM
    employees
WHERE
    department_id IN (1 , 3, 8, 10, 11)
ORDER BY first_name , last_name;
```

Esta soluci贸n tiene dos problemas. Para empezar, has mirado la tabla `departments` para comprobar qu茅 departamento pertenece a la ubicaci贸n 1700. Sin embargo, la pregunta original no se refer铆a a ning煤n departamento espec铆fico; se refer铆a a la ubicaci贸n 1700.

Debido al peque帽o volumen de datos, puede obtener f谩cilmente una lista de departamentos. Sin embargo, en el sistema real con un gran volumen de datos, podr铆a resultar problem谩tico.

Otro problema fue que hay que revisar las consultas cada vez que se quiere encontrar empleados que se ubiquen en una ubicaci贸n diferente.

Una soluci贸n mucho mejor a este problema es utilizar una subconsulta. Por definici贸n, una subconsulta es una consulta anidada dentro de otra consulta como `SELECT`, `INSERT`, `UPDATE` o `DELETE`. En este tutorial, nos centramos en la subconsulta utilizada con la declaraci贸n `SELECT`.

En este ejemplo, puede reescribir y combinar las dos consultas anteriores de la siguiente manera:

```
SELECT
    employee_id, first_name, last_name
FROM
    employees
WHERE
    department_id IN (SELECT
            department_id
        FROM
            departments
        WHERE
            location_id = 1700)
ORDER BY first_name , last_name;
```

La consulta colocada entre par茅ntesis se llama subconsulta. Tambi茅n se conoce como consulta interna o selecci贸n interna. La consulta que contiene la subconsulta se denomina consulta externa o selecci贸n externa.

Para ejecutar la consulta, primero, el sistema de base de datos debe ejecutar la subconsulta y sustituir la subconsulta entre par茅ntesis con su resultado (un n煤mero de identificaci贸n de departamento ubicado en la ubicaci贸n 1700) y luego ejecuta la consulta externa.

Puede utilizar una subconsulta en muchos lugares, como por ejemplo:

- Con el operador `IN` o `NOT IN`

- Con operadores de comparaci贸n

- Con el operador `EXISTS` o `NOT EXISTS`

- Con el operador `ANY` o `ALL`

- en la cl谩usula `FROM`

- en la cl谩usula `SELECT`

**Ejemplos de subconsultas SQL**

Tomemos algunos ejemplos del uso de subconsultas para comprender c贸mo funcionan.

**Subconsulta SQL con el operador IN o NOT IN**

En el ejemplo anterior, has visto c贸mo se utiliz贸 la subconsulta con el operador `IN`. El siguiente ejemplo utiliza una subconsulta con el operador `NOT IN` para buscar todos los empleados que no se ubican en la ubicaci贸n 1700:

```
SELECT
    employee_id, first_name, last_name
FROM
    employees
WHERE
    department_id NOT IN (SELECT
            department_id
        FROM
            departments
        WHERE
            location_id = 1700)
ORDER BY first_name , last_name;
```

**Subconsulta SQL con el operador de comparaci贸n**

La siguiente sintaxis ilustra c贸mo se utiliza una subconsulta con un operador de comparaci贸n:

`comparison_operator (subquery)`

donde el operador de comparaci贸n es uno de estos operadores:

- Igual `(=)`

- Mayor que `(>)`

- Menos de `(<)`

- Mayor o igual que `(>=)`

- Menor o igual `(<=)`

- No es igual `(!=)` o `(<>)`

El siguiente ejemplo encuentra los empleados que tienen el salario m谩s alto:

```
SELECT
    employee_id, first_name, last_name, salary
FROM
    employees
WHERE
    salary = (SELECT
            MAX(salary)
        FROM
            employees)
ORDER BY first_name , last_name;
```

En este ejemplo, la subconsulta devuelve el salario m谩s alto de todos los empleados y la consulta externa busca los empleados cuyo salario es igual al m谩s alto.

La siguiente declaraci贸n encuentra todos los empleados cuyos salarios son mayores que el salario promedio de todos los empleados:

```
SELECT
    employee_id, first_name, last_name, salary
FROM
    employees
WHERE
    salary > (SELECT
            AVG(salary)
        FROM
            employees);
```

En este ejemplo, primero, la subconsulta devuelve el salario promedio de todos los empleados. Luego, la consulta externa utiliza el operador mayor que para encontrar todos los empleados cuyos salarios son mayores que el promedio.

**Subconsulta SQL con el operador EXISTS o NOT EXISTS**

El operador `EXISTS` comprueba la existencia de filas devueltas por la subconsulta. Devuelve verdadero si la subconsulta contiene filas. De lo contrario, devuelve falso.

La sintaxis del operador `EXISTS` es la siguiente:

`EXISTS (subquery )`

El operador `NOT EXISTS` es opuesto al operador `EXISTS`.

`NOT EXISTS (subquery)`

El siguiente ejemplo encuentra todos los departamentos que tienen al menos un empleado con un salario superior a 10.000:

```
SELECT
    department_name
FROM
    departments d
WHERE
    EXISTS( SELECT
            1
        FROM
            employees e
        WHERE
            salary > 10000
                AND e.department_id = d.department_id)
ORDER BY department_name;
```

De manera similar, la siguiente declaraci贸n encuentra todos los departamentos que no tienen ning煤n empleado con un salario superior a 10,000:

```
SELECT
    department_name
FROM
    departments d
WHERE
    NOT EXISTS( SELECT
            1
        FROM
            employees e
        WHERE
            salary > 10000
                AND e.department_id = d.department_id)
ORDER BY department_name;
```

**Subconsulta SQL con el operador ALL**

La sintaxis de la subconsulta cuando se utiliza con el operador `ALL` es la siguiente:

`comparison_operator ALL (subquery)`

La siguiente condici贸n se eval煤a como verdadera si `x` es mayor que todos los valores devueltos por la subconsulta.

`x > ALL (subquery)`

Por ejemplo, supongamos que la subconsulta devuelve tres valores uno, dos y tres. La siguiente condici贸n se eval煤a como verdadera si `x` es mayor que 3.

`x > ALL (1,2,3)`

La siguiente consulta utiliza la cl谩usula `GROUP BY` y la funci贸 `MIN()` n para encontrar el salario m谩s bajo por departamento:

```
SELECT
    MIN(salary)
FROM
    employees
GROUP BY department_id
ORDER BY MIN(salary) DESC;
```

El siguiente ejemplo encuentra todos los empleados cuyos salarios son mayores que el salario m谩s bajo de cada departamento:

```
SELECT
    employee_id, first_name, last_name, salary
FROM
    employees
WHERE
    salary >= ALL (SELECT
            MIN(salary)
        FROM
            employees
        GROUP BY department_id)
ORDER BY first_name , last_name;
```

**Subconsulta SQL con el operador ANY**

A continuaci贸n se muestra la sintaxis de una subconsulta con el operador `ANY`:

`comparison_operator ANY (subquery)`

Por ejemplo, la siguiente condici贸n se eval煤a como verdadera si `x` es mayor que cualquier valor devuelto por la subconsulta. Entonces la condici贸n `x > SOME (1,2,3)` se eval煤a como verdadera si `x` es mayor que 1.

`x > ANY (subquery)`

Tenga en cuenta que operador `SOME` es sin贸nimo de operador `ANY`, por lo que puede usarlos indistintamente.

La siguiente consulta busca todos los empleados cuyos salarios son mayores o iguales al salario m谩s alto de cada departamento.

```
SELECT
    employee_id, first_name, last_name, salary
FROM
    employees
WHERE
    salary >= SOME (SELECT
            MAX(salary)
        FROM
            employees
        GROUP BY department_id);
```

En este ejemplo, la subconsulta encuentra el salario m谩s alto de los empleados de cada departamento. La consulta externa analiza estos valores y determina qu茅 salarios de los empleados son mayores o iguales a cualquier salario m谩s alto por departamento.

**Subconsulta SQL en la cl谩usula FROM**

Puede utilizar una subconsulta en la cl谩usula `FROM` de la declaraci贸n `SELECT` de la siguiente manera:

```
SELECT
    *
FROM
    (subquery) AS table_name
```

En esta sintaxis, el alias de la tabla es obligatorio porque todas las tablas de la cl谩usula `FROM` deben tener un nombre.

Tenga en cuenta que la subconsulta especificada en la cl谩usula `FROM` se denomina tabla derivada en MySQL o vista en l铆nea en Oracle .

La siguiente declaraci贸n devuelve el salario promedio de cada departamento:

```
SELECT
    AVG(salary) average_salary
FROM
    employees
GROUP BY department_id;
```

Puede utilizar esta consulta como subconsulta en la cl谩usula `FROM` para calcular el promedio del salario promedio de los departamentos de la siguiente manera:

```
SELECT
    ROUND(AVG(average_salary), 0)
FROM
    (SELECT
        AVG(salary) average_salary
    FROM
        employees
    GROUP BY department_id) department_salary;
```

**Subconsulta SQL en la cl谩usula SELECT**

Se puede utilizar una subconsulta en cualquier lugar donde se pueda utilizar una expresi贸n en la cl谩usula `SELECT`. El siguiente ejemplo encuentra los salarios de todos los empleados, su salario promedio y la diferencia entre el salario de cada empleado y el salario promedio.

```
SELECT
    employee_id,
    first_name,
    last_name,
    salary,
    (SELECT
            ROUND(AVG(salary), 0)
        FROM
            employees) average_salary,
    salary - (SELECT
            ROUND(AVG(salary), 0)
        FROM
            employees) difference
FROM
    employees
ORDER BY first_name , last_name;
```

Ahora deber铆a comprender qu茅 es una subconsulta SQL y c贸mo utilizarlas para formar declaraciones SQL flexibles.

[](#铆ndice)

---

## **30. SQL Correlated Subquery**

**Resumen :** Aprender谩 sobre la subconsulta correlacionada de SQL, que es una subconsulta que utiliza valores de la consulta externa.

**Introducci贸n a la subconsulta correlacionada de SQL**

Comencemos con un ejemplo.

Consulte la siguiente tabla `employees` en la base de datos de ejemplo :

![tabla employees](../../img/4.3_employees_table.png "tabla employees")

La siguiente consulta busca empleados cuyo salario es mayor que el salario promedio de todos los empleados:

```
SELECT
    employee_id,
    first_name,
    last_name,
    salary
FROM
    employees
WHERE
    salary > (SELECT
            AVG(salary)
        FROM
            employees);
```

En este ejemplo, la subconsulta se utiliza en la cl谩usula `WHERE`. Hay algunos puntos que puede ver en esta consulta:

Primero, puede ejecutar la subconsulta que devuelve el salario promedio de todos los empleados de forma independiente.

```
SELECT
    AVG(salary)
FROM
    employees;
```

En segundo lugar, el sistema de base de datos necesita evaluar la subconsulta s贸lo una vez.

En tercer lugar, la consulta externa utiliza el resultado devuelto por la subconsulta. La consulta externa depende de la subconsulta por su valor. Sin embargo, la subconsulta no depende de la consulta externa. A veces, llamamos a esta subconsulta una subconsulta simple.

A diferencia de una subconsulta simple, una subconsulta correlacionada es una subconsulta que utiliza los valores de la consulta externa. Adem谩s, una subconsulta correlacionada se puede evaluar una vez por cada fila seleccionada por la consulta externa. Debido a esto, una consulta que utiliza una subconsulta correlacionada puede ser lenta.

Una subconsulta correlacionada tambi茅n se conoce como subconsulta repetida o subconsulta sincronizada.

**Ejemplos de subconsultas correlacionadas de SQL**

Veamos algunos ejemplos m谩s de las subconsultas correlacionadas para comprenderlas mejor.

**Subconsulta correlacionada de SQL en el ejemplo de cl谩usula `WHERE`**

La siguiente consulta busca todos los empleados cuyo salario es superior al salario promedio de los empleados de sus departamentos:

```
SELECT
    employee_id,
    first_name,
    last_name,
    salary,
    department_id
FROM
    employees e
WHERE
    salary > (SELECT
            AVG(salary)
        FROM
            employees
        WHERE
            department_id = e.department_id)
ORDER BY
    department_id ,
    first_name ,
    last_name;
```

En este ejemplo, la consulta externa es:

```
SELECT
    employee_id,
    first_name,
    last_name,
    salary,
    department_id
FROM
    employees e
WHERE
    salary >
...
```

y la subconsulta correlacionada es:

```
SELECT
    AVG( list_price )
FROM
    products
WHERE
    category_id = p.category_id
```

Para cada empleado, el sistema de base de datos debe ejecutar la subconsulta correlacionada una vez para calcular el salario promedio de los empleados en el departamento del empleado actual.

**Subconsulta correlacionada de SQL en el ejemplo de cl谩usula SELECT**

La siguiente consulta devuelve los empleados y el salario promedio de todos los empleados en sus departamentos:

```
SELECT
    employee_id,
    first_name,
    last_name,
    department_name,
    salary,
    (SELECT
            ROUND(AVG(salary),0)
        FROM
            employees
        WHERE
            department_id = e.department_id) avg_salary_in_department
FROM
    employees e
        INNER JOIN
    departments d ON d.department_id = e.department_id
ORDER BY
    department_name,
    first_name,
    last_name;
```

Para cada empleado, el sistema de base de datos debe ejecutar la subconsulta correlacionada una vez para calcular el salario promedio por departamento del empleado.

**Subconsulta correlacionada de SQL con ejemplo del operador EXISTS**

A menudo utilizamos una subconsulta correlacionada con el operador `EXISTS`. Por ejemplo, la siguiente consulta devuelve todos los empleados que no tienen dependientes:

```
SELECT
    employee_id,
    first_name,
    last_name
FROM
    employees e
WHERE
    NOT EXISTS( SELECT
            *
        FROM
            dependents d
        WHERE
            d.employee_id = e.employee_id)
ORDER BY first_name ,
         last_name;
```

[](#铆ndice)

---

| **Inicio**            | **atr谩s 2**                | **Siguiente 4**            |
| --------------------- | -------------------------- | -------------------------- |
| [](../../README.md) | [](./2_Consultas_SQL.md) | [](./4_Consultas_SQL.md) |
